arğŸŒµzona,44151417917582179023332632620914866051532358475651026393859792174539713885477
bağŸ©°et,89043665267857693933334826006407698606716834090428192846853205007523728235496
christmğŸ…ğŸ»s,111998740567385817594300855710325886253692075310857716745901171959551351885270
chrisâœmas,102526488966453128918176545877104617268449756419077406983707012570894727346238
chrisğŸ„mas,47561339436794227863279924080370315935837826090690245947231577517965267719587
colorğŸ”do,2276986570311050440579323800363004076156522313250767856427494107697785588443
cowbğŸ¤ y,83143901288448199204385721380922054092759204222243169944971765828490822357744
cğŸ˜‚medy,25300189263562070556460826002915880434298402769643585661617201352795984964011
değŸ¦·tist,19440888812397856447387235778374957415328866110823777099212598876086015948061
dÃ­adelosmuertğŸ’€s,45932733263556054966426207049251367512275601960982651431627708626432335604032
dğŸ¶ggydaycare,69316656586350211158456959183949721990278163765677164459497988243854144088520
flğŸŠrida,87654337249358044526872759265264054840561633948246707235996042332791878223805
geğŸ‘rgia,6264430794960800679625654858325525253494603013879528983748790064369801567775
hallğŸƒween,101960433383538320249620570254244948270701908320053756467363907957446669980113
newğŸ¤rleans,81567331227939939236597369074647812396239191848202088877314101764322887795648
petrâ›½l,113293640342261224903457538864045775617587475995365674881799795084650049274082
philğŸ””delphia,40072000538140338038410044330553028395495938499964406358433251812363216562929
reğŸ”¬earch,92061967946389997591410915350020511357624933132747516765457106272814680935258
robğŸ¤–t,107168668653658559078663803326673474544404335845126857348067506460244787525760
sğŸŒ¸kura,74169214667916308333584034763581196248050390183749536126328519273696742675245
teğŸ‚as,20033744339052321791899732710677114754176101456953324128564646630585728652371
vineyğŸ‡rd,443236202199334352290853005094258230801833904881803679174880342382463971601
winâ›„er,28971774060322135060624545868591246032314884872781627383457581402110235777089
yğŸŒ¸shino,38702919700762625412732938295527338780653589165641255732650900711776583529307